{"Random Forest": {"R2": 0.9154512724536165, "MAE": 0.14677181559523786, "RMSE": 0.4810687987145284}, "XGBoost": {"R2": 0.8892452301170378, "MAE": 0.15619601839065553, "RMSE": 0.5505983072059798}, "Gradient Boosting": {"R2": 0.877363947300148, "MAE": 0.1625266893979781, "RMSE": 0.5793789788464034}, "Neural Network": {"R2": 0.9680176865095671, "MAE": 0.15066019471218448, "RMSE": 0.2958752175411386}}